iter	RMSE
0	3.843659096
1	3.824849525
2	3.8081321
3	3.792280258
4	3.780324303
5	3.76949899
6	3.760658501
7	3.752863294
8	3.748356801
9	3.744245835
10	3.736489457
11	3.732228882
12	3.72752158
13	3.724094466
14	3.720642191
15	3.717479446
16	3.714888006
17	3.712641694
18	3.71037512
19	3.708303475
