iter	RMSE
0	3.858470758
1	3.842127132
2	3.827068308
3	3.813374844
4	3.800721396
5	3.788124299
6	3.777175554
7	3.767475346
8	3.758225027
9	3.74989534
10	3.742350729
11	3.734851653
12	3.728404029
13	3.722088334
14	3.716347233
15	3.711232734
16	3.705362711
17	3.700951764
