iter	RMSE
0	3.808185734
1	3.762026402
2	3.728646826
